{
  "mode": "strict_sparse_stability",
  "steps": 32,
  "model_name": "unsloth/Meta-Llama-3.1-8B-bnb-4bit",
  "hybrid_checkpoint": "results/hybrid_8b_small_local/hybrid_attention_state.pt",
  "layer_selection": [
    0,
    1,
    2,
    3,
    4,
    5,
    6,
    7,
    8,
    9,
    10,
    11,
    12,
    13,
    14,
    15,
    16,
    17
  ],
  "speech_anchor_layers": [
    12,
    13,
    14,
    15,
    16,
    17
  ],
  "trainable_params": 9512114,
  "initial_loss": 11.050110816955566,
  "final_loss": 105.92803955078125,
  "min_loss": 8.86760425567627,
  "per_layer_loss": {
    "0": 0.18244820833206177,
    "1": 0.20609408617019653,
    "2": 0.13477246463298798,
    "3": 0.09341403096914291,
    "4": 0.0854572057723999,
    "5": 0.09819149971008301,
    "6": 0.1260625272989273,
    "7": 0.1334679275751114,
    "8": 0.14193017780780792,
    "9": 0.15967020392417908,
    "10": 0.14252969622612,
    "11": 0.13415563106536865,
    "12": 0.18778038024902344,
    "13": 0.15843810141086578,
    "14": 0.20395448803901672,
    "15": 0.19390720129013062,
    "16": 0.18525496125221252,
    "17": 0.19185525178909302
  },
  "per_layer_norm": {
    "0": 0.006489959079772234,
    "1": 6.689699649810791,
    "2": 0.15506836771965027,
    "3": 0.8237945437431335,
    "4": 2.3234333992004395,
    "5": 3.904350519180298,
    "6": 6.659447193145752,
    "7": 6.003487586975098,
    "8": 6.9913740158081055,
    "9": 8.928099632263184,
    "10": 7.100225925445557,
    "11": 5.929763317108154,
    "12": 11.820940971374512,
    "13": 8.834023475646973,
    "14": 13.245159149169922,
    "15": 11.808274269104004,
    "16": 11.355055809020996,
    "17": 11.480006217956543
  },
  "mean_touched_weight_fraction": 0.01881486183083325,
  "estimated_bytes_fetched_per_token": 53031048.15893555,
  "mean_dense_fallback_rate": 0.0,
  "mean_latent_norm": 3.5937663504026003,
  "mean_active_latent_fraction": 0.250000000362181,
  "mean_active_latent_coords_used": 43.279513888888886,
  "mean_latent_usage_entropy": 3.28862279943294,
  "mean_latent_support_overlap": 0.7086343822172947,
  "mean_latent_support_unique_fraction": 0.690185546875,
  "runtime_sca_use_cuda": true,
  "runtime_sca_spmm_impl": "cuda_spmm",
  "nonfinite_events": 0,
  "skipped_dense_kl_steps": 0,
  "fallback_rate_by_layer": {
    "0": 0.0,
    "1": 0.0,
    "2": 0.0,
    "3": 0.0,
    "4": 0.0,
    "5": 0.0,
    "6": 0.0,
    "7": 0.0,
    "8": 0.0,
    "9": 0.0,
    "10": 0.0,
    "11": 0.0,
    "12": 0.0,
    "13": 0.0,
    "14": 0.0,
    "15": 0.0,
    "16": 0.0,
    "17": 0.0
  },
  "fallback_warning_layers_over_50pct": [],
  "elapsed_seconds": 1044.2055210000108,
  "mean_rollout_kl": 69.81010437011719,
  "mean_rollout_entropy_penalty": 0.0,
  "mean_rollout_rep_frac": 0.021978021978021976,
  "mean_rollout_max_run": 1.1538461538461537,
  "mean_rollout_degenerate_frac": 0.0,
  "decode_layer_output_scale_mean": 0.75,
  "config": {
    "model_name": "unsloth/Meta-Llama-3.1-8B-bnb-4bit",
    "hybrid_checkpoint": "results/hybrid_8b_small_local/hybrid_attention_state.pt",
    "output_dir": "results/sca_recalibration_learned_basis_init_v2",
    "learned_basis_init_checkpoint": "results/learned_basis_init_v1.pt",
    "layers": "",
    "max_samples": 256,
    "max_seq_length": 128,
    "batch_size": 1,
    "steps": 32,
    "lr": 3e-06,
    "weight_decay": 0.0,
    "grad_clip": 0.35,
    "task_id": 0,
    "include_task_embedding": false,
    "include_spatial_proj": false,
    "include_layer_output_scale": true,
    "loss_mode": "mse_plus_norm",
    "top_k": 3,
    "adaptive_top_k": true,
    "adaptive_top_k_min": 3,
    "adaptive_top_k_max": 12,
    "adaptive_top_k_min_score_ratio": 0.15,
    "block_size": 32,
    "basis_rank": 64,
    "basis_top_k": 16,
    "soft_mask": true,
    "sparse_placement": "learned_basis",
    "grouped_row_gemm": false,
    "disable_fast_fallback": true,
    "save_every": 0,
    "verbose": false,
    "recalibration_mode": "strict_sparse_stability",
    "dataset_name": "wikitext",
    "dataset_config": "wikitext-2-raw-v1",
    "dataset_split": "train",
    "text_column": "text",
    "logits_kl_weight": 0.3,
    "logits_warmup_steps": 2,
    "speech_anchor_layers": "",
    "speech_anchor_weight": 1.0,
    "speech_anchor_cosine_weight": 0.1,
    "speech_anchor_final_hidden_weight": 0.25,
    "speech_anchor_delta_norm_weight": 0.05,
    "local_mlp_weight": 0.005,
    "local_mlp_loss_cap": 200.0,
    "local_mlp_log_compress": true,
    "ce_weight": 0.6,
    "layer_output_scale_penalty_weight": 0.05,
    "decode_scale_stage1_freeze": true,
    "decode_scale_stage1_value": 0.75,
    "decode_scale_min": 0.35,
    "entropy_floor": 8.0,
    "entropy_floor_weight": 0.1,
    "rollout_entropy_floor_weight": 0.1,
    "latent_support_concentration_weight": 0.15,
    "latent_support_similarity_weight": 0.15,
    "delta_norm_cap": 0.25,
    "delta_norm_cap_weight": 0.1,
    "staged_training_enabled": true,
    "stage1_steps_ratio": 0.6,
    "stage_split_ratio": 0.67,
    "stage2_lr_scale": 0.5,
    "lower_layer_loss_weight": 1.0,
    "upper_layer_loss_weight": 0.35,
    "upper_layer_scale_cap": 0.75,
    "output_scale_cap_tail_fraction": 0.34,
    "nonfinite_recovery_enabled": true,
    "nonfinite_max_retries_per_step": 2,
    "nonfinite_lr_backoff": 0.5,
    "nonfinite_param_abs_cap": 10.0,
    "skip_nonfinite_dense_kl": true,
    "rollout_refinement_enabled": true,
    "rollout_start_step": 6,
    "rollout_every": 2,
    "rollout_max_new_tokens": 2,
    "rollout_kl_weight": 0.03,
    "strict_runtime_parity": true,
    "strict_runtime_local_window_tokens": 128,
    "strict_runtime_sink_tokens": 8,
    "strict_runtime_page_size_tokens": 32,
    "strict_runtime_top_k_pages": 4,
    "strict_runtime_retrieval_head_groups": "0",
    "strict_runtime_retrieval_start_layer": -1,
    "seed": 42
  },
  "stage_plan": [
    {
      "name": "lower_band",
      "layers": [
        0,
        1,
        2,
        3,
        4,
        5,
        6,
        7,
        8,
        9,
        10,
        11
      ],
      "steps": 19,
      "lr_scale": 1.0
    },
    {
      "name": "full_band",
      "layers": [
        0,
        1,
        2,
        3,
        4,
        5,
        6,
        7,
        8,
        9,
        10,
        11,
        12,
        13,
        14,
        15,
        16,
        17
      ],
      "steps": 13,
      "lr_scale": 0.5
    }
  ],
  "quality_baseline": {
    "distinct1_mean": 0.8389291101055807,
    "max_run_mean": 2.2,
    "rep_frac_mean": 0.09345238095238095,
    "punct_frac_mean": 0.15836726998491707,
    "char_repeat4_frac_mean": 0.055430038510911425,
    "degenerate_frac": 0.4
  },
  "quality_candidate": {
    "distinct1_mean": 0.8245098039215687,
    "max_run_mean": 2.4,
    "rep_frac_mean": 0.12692307692307692,
    "punct_frac_mean": 0.14138655462184874,
    "char_repeat4_frac_mean": 0.075,
    "degenerate_frac": 0.6
  },
  "quality_delta": {
    "distinct1_delta": -0.014419306184011993,
    "max_run_delta": 0.19999999999999973,
    "rep_frac_delta": 0.03347069597069596,
    "punct_frac_delta": -0.016980715363068333,
    "char_repeat4_frac_delta": 0.019569961489088572,
    "degenerate_frac_delta": 0.19999999999999996
  },
  "quality_gate_passed": false,
  "quality_gate_failure_reason": "candidate quality regressed beyond allowed delta",
  "state_path": "results\\sca_recalibration_learned_basis_init_v2\\sca_recalibrated_state.pt",
  "metrics_path": "results\\sca_recalibration_learned_basis_init_v2\\sca_recalibration_metrics.json"
}