{
  "mode": "strict_sparse_stability",
  "steps": 32,
  "model_name": "unsloth/Meta-Llama-3.1-8B-bnb-4bit",
  "hybrid_checkpoint": "results/hybrid_8b_small_local/hybrid_attention_state.pt",
  "layer_selection": [
    0,
    1,
    2,
    3,
    4,
    5,
    6,
    7,
    8,
    9,
    10,
    11,
    12,
    13,
    14,
    15,
    16,
    17
  ],
  "speech_anchor_layers": [
    12,
    13,
    14,
    15,
    16,
    17
  ],
  "trainable_params": 1265861,
  "initial_loss": 4.319522380828857,
  "final_loss": 4.172693252563477,
  "min_loss": 4.170486927032471,
  "per_layer_loss": {
    "0": 0.05695648863911629,
    "1": 0.05644127354025841,
    "2": 0.05700825899839401,
    "3": 0.05819985643029213,
    "4": 0.057933468371629715,
    "5": 0.058676280081272125,
    "6": 0.05932628735899925,
    "7": 0.061121147125959396,
    "8": 0.06154942885041237,
    "9": 0.06240938603878021,
    "10": 0.06366867572069168,
    "11": 0.06205543875694275,
    "12": 0.06335112452507019,
    "13": 0.06541562080383301,
    "14": 0.06524333357810974,
    "15": 0.06572452187538147,
    "16": 0.064539834856987,
    "17": 0.06712974607944489
  },
  "per_layer_norm": {
    "0": 0.041725631803274155,
    "1": 0.01640506461262703,
    "2": 0.06509367376565933,
    "3": 0.16731931269168854,
    "4": 0.14445021748542786,
    "5": 0.20815584063529968,
    "6": 0.2639975845813751,
    "7": 0.4181475341320038,
    "8": 0.45495426654815674,
    "9": 0.5289187431335449,
    "10": 0.6370623707771301,
    "11": 0.49853619933128357,
    "12": 0.6097882390022278,
    "13": 0.7869661450386047,
    "14": 0.7722798585891724,
    "15": 0.8135855197906494,
    "16": 0.7118577361106873,
    "17": 0.9342905282974243
  },
  "mean_touched_weight_fraction": 0.029664993286132812,
  "estimated_bytes_fetched_per_token": 83612928.0,
  "mean_dense_fallback_rate": 0.0,
  "runtime_sca_use_cuda": true,
  "runtime_sca_spmm_impl": "cuda_spmm",
  "nonfinite_events": 24,
  "skipped_dense_kl_steps": 12,
  "fallback_rate_by_layer": {
    "0": 0.0,
    "1": 0.0,
    "2": 0.0,
    "3": 0.0,
    "4": 0.0,
    "5": 0.0,
    "6": 0.0,
    "7": 0.0,
    "8": 0.0,
    "9": 0.0,
    "10": 0.0,
    "11": 0.0,
    "12": 0.0,
    "13": 0.0,
    "14": 0.0,
    "15": 0.0,
    "16": 0.0,
    "17": 0.0
  },
  "fallback_warning_layers_over_50pct": [],
  "elapsed_seconds": 1226.7020789999951,
  "mean_rollout_kl": 0.0002001618170955529,
  "decode_layer_output_scale_mean": 0.0,
  "config": {
    "model_name": "unsloth/Meta-Llama-3.1-8B-bnb-4bit",
    "hybrid_checkpoint": "results/hybrid_8b_small_local/hybrid_attention_state.pt",
    "output_dir": "results/sca_recalibration_learned_basis_v2_strict",
    "layers": "",
    "max_samples": 256,
    "max_seq_length": 128,
    "batch_size": 1,
    "steps": 32,
    "lr": 1e-05,
    "weight_decay": 0.0,
    "grad_clip": 1.0,
    "task_id": 0,
    "include_task_embedding": false,
    "include_spatial_proj": true,
    "include_layer_output_scale": true,
    "loss_mode": "mse_plus_norm",
    "top_k": 3,
    "adaptive_top_k": true,
    "adaptive_top_k_min": 3,
    "adaptive_top_k_max": 12,
    "adaptive_top_k_min_score_ratio": 0.15,
    "block_size": 32,
    "basis_rank": 8,
    "soft_mask": true,
    "sparse_placement": "learned_basis",
    "grouped_row_gemm": false,
    "disable_fast_fallback": true,
    "save_every": 0,
    "verbose": false,
    "recalibration_mode": "strict_sparse_stability",
    "dataset_name": "wikitext",
    "dataset_config": "wikitext-2-raw-v1",
    "dataset_split": "train",
    "text_column": "text",
    "logits_kl_weight": 0.08,
    "logits_warmup_steps": 2,
    "speech_anchor_layers": "",
    "speech_anchor_weight": 1.0,
    "speech_anchor_cosine_weight": 0.1,
    "speech_anchor_final_hidden_weight": 0.25,
    "speech_anchor_delta_norm_weight": 0.05,
    "local_mlp_weight": 0.1,
    "local_mlp_loss_cap": 200.0,
    "local_mlp_log_compress": true,
    "ce_weight": 0.35,
    "layer_output_scale_penalty_weight": 0.05,
    "delta_norm_cap": 0.25,
    "delta_norm_cap_weight": 0.1,
    "staged_training_enabled": true,
    "stage1_steps_ratio": 0.6,
    "stage_split_ratio": 0.67,
    "stage2_lr_scale": 0.5,
    "lower_layer_loss_weight": 1.0,
    "upper_layer_loss_weight": 0.35,
    "upper_layer_scale_cap": 0.75,
    "output_scale_cap_tail_fraction": 0.34,
    "nonfinite_recovery_enabled": true,
    "nonfinite_max_retries_per_step": 2,
    "nonfinite_lr_backoff": 0.5,
    "nonfinite_param_abs_cap": 10.0,
    "skip_nonfinite_dense_kl": true,
    "rollout_refinement_enabled": true,
    "rollout_start_step": 8,
    "rollout_every": 4,
    "rollout_max_new_tokens": 2,
    "rollout_kl_weight": 0.05,
    "strict_runtime_parity": true,
    "strict_runtime_local_window_tokens": 128,
    "strict_runtime_sink_tokens": 8,
    "strict_runtime_page_size_tokens": 32,
    "strict_runtime_top_k_pages": 4,
    "strict_runtime_retrieval_head_groups": "0",
    "strict_runtime_retrieval_start_layer": -1,
    "seed": 42
  },
  "stage_plan": [
    {
      "name": "lower_band",
      "layers": [
        0,
        1,
        2,
        3,
        4,
        5,
        6,
        7,
        8,
        9,
        10,
        11
      ],
      "steps": 19,
      "lr_scale": 1.0
    },
    {
      "name": "full_band",
      "layers": [
        0,
        1,
        2,
        3,
        4,
        5,
        6,
        7,
        8,
        9,
        10,
        11,
        12,
        13,
        14,
        15,
        16,
        17
      ],
      "steps": 13,
      "lr_scale": 0.5
    }
  ],
  "quality_baseline": {
    "distinct1_mean": 0.7229790161678706,
    "max_run_mean": 5.8,
    "rep_frac_mean": 0.29330065359477125,
    "punct_frac_mean": 0.10615067079463365,
    "char_repeat4_frac_mean": 0.0,
    "degenerate_frac": 0.6
  },
  "quality_candidate": {
    "distinct1_mean": 0.4936507936507937,
    "max_run_mean": 11.0,
    "rep_frac_mean": 0.5335294117647059,
    "punct_frac_mean": 0.06984126984126984,
    "char_repeat4_frac_mean": 0.0,
    "degenerate_frac": 1.0
  },
  "quality_delta": {
    "distinct1_delta": -0.22932822251707696,
    "max_run_delta": 5.2,
    "rep_frac_delta": 0.24022875816993466,
    "punct_frac_delta": -0.03630940095336381,
    "char_repeat4_frac_delta": 0.0,
    "degenerate_frac_delta": 0.4
  },
  "quality_gate_passed": false,
  "quality_gate_failure_reason": "candidate quality regressed beyond allowed delta",
  "state_path": "results\\sca_recalibration_learned_basis_v2_strict\\sca_recalibrated_state.pt"
}