{
  "prompt": "Describe a sparse MLP routing system.",
  "layers_tested": 18,
  "aggregate": {
    "current_input_and_output_mask": {
      "mean_norm_ratio": 0.002512219005858593,
      "mean_mse": 0.005486377959540632,
      "mean_cosine": 0.01817960659455922
    },
    "input_mask_no_output_mask": {
      "mean_norm_ratio": 0.013672504213356737,
      "mean_mse": 0.005468732329771026,
      "mean_cosine": 0.12988398927781317
    },
    "output_side_only_sparse_down": {
      "mean_norm_ratio": 0.14623261428228812,
      "mean_mse": 0.00536612940454183,
      "mean_cosine": 0.1461191578871674
    },
    "intermediate_group_mask_then_dense_down": {
      "mean_norm_ratio": 0.12041152135009679,
      "mean_mse": 0.005345460524646721,
      "mean_cosine": 0.1629923317167494
    },
    "dense_output_mask_only": {
      "mean_norm_ratio": 0.14623018800333348,
      "mean_mse": 0.005366128870971604,
      "mean_cosine": 0.14611953248580298
    }
  },
  "tail_layers": [
    {
      "layer_idx": 12,
      "metrics": {
        "current_input_and_output_mask": {
          "norm_ratio": 0.002641023583285606,
          "mse": 0.007365786004811525,
          "cosine": 0.0015322994440793991
        },
        "input_mask_no_output_mask": {
          "norm_ratio": 0.012369825476611843,
          "mse": 0.007337729912251234,
          "cosine": 0.16019347310066223
        },
        "output_side_only_sparse_down": {
          "norm_ratio": 0.14366933570526644,
          "mse": 0.007213668432086706,
          "cosine": 0.14371174573898315
        },
        "intermediate_group_mask_then_dense_down": {
          "norm_ratio": 0.1089170013707367,
          "mse": 0.007136411964893341,
          "cosine": 0.19741830229759216
        },
        "dense_output_mask_only": {
          "norm_ratio": 0.14371207531255928,
          "mse": 0.007213667966425419,
          "cosine": 0.1437120884656906
        }
      }
    },
    {
      "layer_idx": 13,
      "metrics": {
        "current_input_and_output_mask": {
          "norm_ratio": 0.002390078351793393,
          "mse": 0.008909383788704872,
          "cosine": 0.03123708814382553
        },
        "input_mask_no_output_mask": {
          "norm_ratio": 0.011832056439528013,
          "mse": 0.008876927196979523,
          "cosine": 0.16590264439582825
        },
        "output_side_only_sparse_down": {
          "norm_ratio": 0.1489287042987114,
          "mse": 0.008712991140782833,
          "cosine": 0.14894211292266846
        },
        "intermediate_group_mask_then_dense_down": {
          "norm_ratio": 0.09764990454637847,
          "mse": 0.008727225475013256,
          "cosine": 0.15423336625099182
        },
        "dense_output_mask_only": {
          "norm_ratio": 0.14894243381452496,
          "mse": 0.008712990209460258,
          "cosine": 0.14894244074821472
        }
      }
    },
    {
      "layer_idx": 14,
      "metrics": {
        "current_input_and_output_mask": {
          "norm_ratio": 0.0025706625186388086,
          "mse": 0.008957470767199993,
          "cosine": 0.01436708215624094
        },
        "input_mask_no_output_mask": {
          "norm_ratio": 0.013945829497677845,
          "mse": 0.00891120359301567,
          "cosine": 0.1945585310459137
        },
        "output_side_only_sparse_down": {
          "norm_ratio": 0.14503731769480602,
          "mse": 0.008769490756094456,
          "cosine": 0.14509186148643494
        },
        "intermediate_group_mask_then_dense_down": {
          "norm_ratio": 0.14307943566908565,
          "mse": 0.008755628019571304,
          "cosine": 0.1505139321088791
        },
        "dense_output_mask_only": {
          "norm_ratio": 0.14509218765342158,
          "mse": 0.008769489824771881,
          "cosine": 0.1450922042131424
        }
      }
    },
    {
      "layer_idx": 15,
      "metrics": {
        "current_input_and_output_mask": {
          "norm_ratio": 0.002577923718217332,
          "mse": 0.00949322059750557,
          "cosine": 0.01629415899515152
        },
        "input_mask_no_output_mask": {
          "norm_ratio": 0.013110350572459751,
          "mse": 0.009460339322686195,
          "cosine": 0.14158880710601807
        },
        "output_side_only_sparse_down": {
          "norm_ratio": 0.15340639911326187,
          "mse": 0.009270518086850643,
          "cosine": 0.15341004729270935
        },
        "intermediate_group_mask_then_dense_down": {
          "norm_ratio": 0.12435357331134511,
          "mse": 0.009244009852409363,
          "cosine": 0.1680312156677246
        },
        "dense_output_mask_only": {
          "norm_ratio": 0.15338531204801362,
          "mse": 0.009270517155528069,
          "cosine": 0.15341049432754517
        }
      }
    },
    {
      "layer_idx": 16,
      "metrics": {
        "current_input_and_output_mask": {
          "norm_ratio": 0.0026247121140506673,
          "mse": 0.00828893855214119,
          "cosine": 0.021336335688829422
        },
        "input_mask_no_output_mask": {
          "norm_ratio": 0.015350122432853459,
          "mse": 0.008271204307675362,
          "cosine": 0.08078225702047348
        },
        "output_side_only_sparse_down": {
          "norm_ratio": 0.16101952676424186,
          "mse": 0.008074840530753136,
          "cosine": 0.16103342175483704
        },
        "intermediate_group_mask_then_dense_down": {
          "norm_ratio": 0.13858024469906075,
          "mse": 0.008102145045995712,
          "cosine": 0.15096847712993622
        },
        "dense_output_mask_only": {
          "norm_ratio": 0.16100284768205023,
          "mse": 0.008074839599430561,
          "cosine": 0.16103386878967285
        }
      }
    },
    {
      "layer_idx": 17,
      "metrics": {
        "current_input_and_output_mask": {
          "norm_ratio": 0.0027188948079191005,
          "mse": 0.01020655408501625,
          "cosine": 0.017544157803058624
        },
        "input_mask_no_output_mask": {
          "norm_ratio": 0.014291114459370558,
          "mse": 0.01018045749515295,
          "cosine": 0.0996742844581604
        },
        "output_side_only_sparse_down": {
          "norm_ratio": 0.1650227030867187,
          "mse": 0.009929350577294827,
          "cosine": 0.16506065428256989
        },
        "intermediate_group_mask_then_dense_down": {
          "norm_ratio": 0.14031042604502614,
          "mse": 0.009851053357124329,
          "cosine": 0.1945778727531433
        },
        "dense_output_mask_only": {
          "norm_ratio": 0.1650428964128518,
          "mse": 0.009929349645972252,
          "cosine": 0.16506101191043854
        }
      }
    }
  ]
}