{
  "mode": "strict_sparse_stability",
  "steps": 32,
  "model_name": "unsloth/Meta-Llama-3.1-8B-bnb-4bit",
  "hybrid_checkpoint": "results/hybrid_8b_small_local/hybrid_attention_state.pt",
  "layer_selection": [
    0,
    1,
    2,
    3,
    4,
    5,
    6,
    7,
    8,
    9,
    10,
    11,
    12,
    13,
    14,
    15,
    16,
    17
  ],
  "speech_anchor_layers": [
    12,
    13,
    14,
    15,
    16,
    17
  ],
  "trainable_params": 9524405,
  "initial_loss": 8.861830711364746,
  "final_loss": 70.23640441894531,
  "min_loss": 6.895764350891113,
  "per_layer_loss": {
    "0": 0.1824796199798584,
    "1": 0.21588034927845,
    "2": 0.13412898778915405,
    "3": 0.09366470575332642,
    "4": 0.08487807214260101,
    "5": 0.09788364917039871,
    "6": 0.12607446312904358,
    "7": 0.13426747918128967,
    "8": 0.14120325446128845,
    "9": 0.1658550351858139,
    "10": 0.14543291926383972,
    "11": 0.1366710066795349,
    "12": 0.18917134404182434,
    "13": 0.15970379114151,
    "14": 0.19636473059654236,
    "15": 0.18235506117343903,
    "16": 0.17936672270298004,
    "17": 0.17958590388298035
  },
  "per_layer_norm": {
    "0": 0.00653429701924324,
    "1": 7.184346675872803,
    "2": 0.15459440648555756,
    "3": 0.8333057165145874,
    "4": 2.326680898666382,
    "5": 3.893225908279419,
    "6": 6.684942245483398,
    "7": 6.13525390625,
    "8": 6.878476142883301,
    "9": 9.566022872924805,
    "10": 7.6824259757995605,
    "11": 6.275422096252441,
    "12": 11.970072746276855,
    "13": 8.951560020446777,
    "14": 12.290299415588379,
    "15": 10.080747604370117,
    "16": 10.730504989624023,
    "17": 10.142972946166992
  },
  "mean_touched_weight_fraction": 0.018243961885673343,
  "estimated_bytes_fetched_per_token": 51421925.39428711,
  "mean_dense_fallback_rate": 0.0,
  "mean_latent_norm": 3.8237088720521166,
  "mean_active_latent_fraction": 0.25000000012935036,
  "mean_active_latent_coords_used": 44.41319444444444,
  "mean_latent_usage_entropy": 3.230621036969953,
  "mean_latent_support_overlap": 0.7470626653068595,
  "mean_latent_support_unique_fraction": 0.5219997829861112,
  "runtime_sca_use_cuda": true,
  "runtime_sca_spmm_impl": "cuda_spmm",
  "nonfinite_events": 0,
  "skipped_dense_kl_steps": 0,
  "fallback_rate_by_layer": {
    "0": 0.0,
    "1": 0.0,
    "2": 0.0,
    "3": 0.0,
    "4": 0.0,
    "5": 0.0,
    "6": 0.0,
    "7": 0.0,
    "8": 0.0,
    "9": 0.0,
    "10": 0.0,
    "11": 0.0,
    "12": 0.0,
    "13": 0.0,
    "14": 0.0,
    "15": 0.0,
    "16": 0.0,
    "17": 0.0
  },
  "fallback_warning_layers_over_50pct": [],
  "elapsed_seconds": 1058.9409856999991,
  "mean_rollout_kl": 63.159880956014,
  "mean_rollout_entropy_penalty": 0.0,
  "mean_rollout_rep_frac": 0.0,
  "mean_rollout_max_run": 1.0,
  "mean_rollout_degenerate_frac": 0.0,
  "decode_layer_output_scale_mean": 0.75,
  "config": {
    "model_name": "unsloth/Meta-Llama-3.1-8B-bnb-4bit",
    "hybrid_checkpoint": "results/hybrid_8b_small_local/hybrid_attention_state.pt",
    "output_dir": "results/sca_recalibration_learned_basis_init_v1",
    "learned_basis_init_checkpoint": "results/learned_basis_init_v1.pt",
    "layers": "",
    "max_samples": 256,
    "max_seq_length": 128,
    "batch_size": 1,
    "steps": 32,
    "lr": 1e-05,
    "weight_decay": 0.0,
    "grad_clip": 1.0,
    "task_id": 0,
    "include_task_embedding": false,
    "include_spatial_proj": true,
    "include_layer_output_scale": true,
    "loss_mode": "mse_plus_norm",
    "top_k": 3,
    "adaptive_top_k": true,
    "adaptive_top_k_min": 3,
    "adaptive_top_k_max": 12,
    "adaptive_top_k_min_score_ratio": 0.15,
    "block_size": 32,
    "basis_rank": 64,
    "basis_top_k": 16,
    "soft_mask": true,
    "sparse_placement": "learned_basis",
    "grouped_row_gemm": false,
    "disable_fast_fallback": true,
    "save_every": 0,
    "verbose": false,
    "recalibration_mode": "strict_sparse_stability",
    "dataset_name": "wikitext",
    "dataset_config": "wikitext-2-raw-v1",
    "dataset_split": "train",
    "text_column": "text",
    "logits_kl_weight": 0.2,
    "logits_warmup_steps": 2,
    "speech_anchor_layers": "",
    "speech_anchor_weight": 1.0,
    "speech_anchor_cosine_weight": 0.1,
    "speech_anchor_final_hidden_weight": 0.25,
    "speech_anchor_delta_norm_weight": 0.05,
    "local_mlp_weight": 0.02,
    "local_mlp_loss_cap": 200.0,
    "local_mlp_log_compress": true,
    "ce_weight": 0.5,
    "layer_output_scale_penalty_weight": 0.05,
    "decode_scale_stage1_freeze": true,
    "decode_scale_stage1_value": 0.75,
    "decode_scale_min": 0.35,
    "entropy_floor": 8.0,
    "entropy_floor_weight": 0.05,
    "rollout_entropy_floor_weight": 0.05,
    "latent_support_concentration_weight": 0.05,
    "latent_support_similarity_weight": 0.05,
    "delta_norm_cap": 0.25,
    "delta_norm_cap_weight": 0.1,
    "staged_training_enabled": true,
    "stage1_steps_ratio": 0.6,
    "stage_split_ratio": 0.67,
    "stage2_lr_scale": 0.5,
    "lower_layer_loss_weight": 1.0,
    "upper_layer_loss_weight": 0.35,
    "upper_layer_scale_cap": 0.75,
    "output_scale_cap_tail_fraction": 0.34,
    "nonfinite_recovery_enabled": true,
    "nonfinite_max_retries_per_step": 2,
    "nonfinite_lr_backoff": 0.5,
    "nonfinite_param_abs_cap": 10.0,
    "skip_nonfinite_dense_kl": true,
    "rollout_refinement_enabled": true,
    "rollout_start_step": 8,
    "rollout_every": 4,
    "rollout_max_new_tokens": 2,
    "rollout_kl_weight": 0.05,
    "strict_runtime_parity": true,
    "strict_runtime_local_window_tokens": 128,
    "strict_runtime_sink_tokens": 8,
    "strict_runtime_page_size_tokens": 32,
    "strict_runtime_top_k_pages": 4,
    "strict_runtime_retrieval_head_groups": "0",
    "strict_runtime_retrieval_start_layer": -1,
    "seed": 42
  },
  "stage_plan": [
    {
      "name": "lower_band",
      "layers": [
        0,
        1,
        2,
        3,
        4,
        5,
        6,
        7,
        8,
        9,
        10,
        11
      ],
      "steps": 19,
      "lr_scale": 1.0
    },
    {
      "name": "full_band",
      "layers": [
        0,
        1,
        2,
        3,
        4,
        5,
        6,
        7,
        8,
        9,
        10,
        11,
        12,
        13,
        14,
        15,
        16,
        17
      ],
      "steps": 13,
      "lr_scale": 0.5
    }
  ],
  "quality_baseline": {
    "distinct1_mean": 0.8209150326797385,
    "max_run_mean": 2.2,
    "rep_frac_mean": 0.10127005347593583,
    "punct_frac_mean": 0.17900326797385618,
    "char_repeat4_frac_mean": 0.05510300734075302,
    "degenerate_frac": 0.4
  },
  "quality_candidate": {
    "distinct1_mean": 0.6903828197945845,
    "max_run_mean": 3.6,
    "rep_frac_mean": 0.20955882352941177,
    "punct_frac_mean": 0.09773576097105509,
    "char_repeat4_frac_mean": 0.03168292073018254,
    "degenerate_frac": 0.6
  },
  "quality_delta": {
    "distinct1_delta": -0.13053221288515404,
    "max_run_delta": 1.4,
    "rep_frac_delta": 0.10828877005347594,
    "punct_frac_delta": -0.0812675070028011,
    "char_repeat4_frac_delta": -0.023420086610570476,
    "degenerate_frac_delta": 0.19999999999999996
  },
  "quality_gate_passed": false,
  "quality_gate_failure_reason": "candidate quality regressed beyond allowed delta",
  "state_path": "results\\sca_recalibration_learned_basis_init_v1\\sca_recalibrated_state.pt",
  "metrics_path": "results\\sca_recalibration_learned_basis_init_v1\\sca_recalibration_metrics.json"
}