{
  "mode": "local_mlp_geometry",
  "steps": 32,
  "model_name": "unsloth/Meta-Llama-3.1-8B-bnb-4bit",
  "hybrid_checkpoint": "results/hybrid_8b_small_local/hybrid_attention_state.pt",
  "layer_selection": [
    0,
    1,
    2,
    3,
    4,
    5,
    6,
    7,
    8,
    9,
    10,
    11,
    12,
    13,
    14,
    15,
    16,
    17
  ],
  "speech_anchor_layers": [
    12,
    13,
    14,
    15,
    16,
    17
  ],
  "trainable_params": 1265861,
  "initial_loss": 4.4614715576171875,
  "final_loss": 8.58169174194336,
  "min_loss": 4.403899192810059,
  "per_layer_loss": {
    "0": 0.05728374794125557,
    "1": 0.06417497247457504,
    "2": 0.06413283944129944,
    "3": 0.05913903936743736,
    "4": 0.06561879068613052,
    "5": 0.06431107968091965,
    "6": 0.06874603033065796,
    "7": 0.0849839448928833,
    "8": 0.09655307978391647,
    "9": 0.11647617816925049,
    "10": 0.1600039005279541,
    "11": 0.13485899567604065,
    "12": 0.156995952129364,
    "13": 0.1990659087896347,
    "14": 0.23287735879421234,
    "15": 0.2603437900543213,
    "16": 0.3372161388397217,
    "17": 0.37658926844596863
  },
  "per_layer_norm": {
    "0": 0.03261077031493187,
    "1": 0.009283755905926228,
    "2": 0.03243416175246239,
    "3": 0.10954679548740387,
    "4": 0.1188211590051651,
    "5": 0.30611860752105713,
    "6": 0.793857991695404,
    "7": 2.6084606647491455,
    "8": 3.6698596477508545,
    "9": 5.602382659912109,
    "10": 9.891566276550293,
    "11": 7.128551483154297,
    "12": 9.536720275878906,
    "13": 13.880873680114746,
    "14": 17.044692993164062,
    "15": 19.72509765625,
    "16": 27.346721649169922,
    "17": 31.128997802734375
  },
  "mean_touched_weight_fraction": 0.019765840645050048,
  "estimated_bytes_fetched_per_token": 55711450.69116211,
  "mean_dense_fallback_rate": 0.0,
  "runtime_sca_use_cuda": true,
  "runtime_sca_spmm_impl": "cuda_spmm",
  "nonfinite_events": 0,
  "skipped_dense_kl_steps": 0,
  "fallback_rate_by_layer": {
    "0": 0.0,
    "1": 0.0,
    "2": 0.0,
    "3": 0.0,
    "4": 0.0,
    "5": 0.0,
    "6": 0.0,
    "7": 0.0,
    "8": 0.0,
    "9": 0.0,
    "10": 0.0,
    "11": 0.0,
    "12": 0.0,
    "13": 0.0,
    "14": 0.0,
    "15": 0.0,
    "16": 0.0,
    "17": 0.0
  },
  "fallback_warning_layers_over_50pct": [],
  "elapsed_seconds": 772.2757356999937,
  "mean_rollout_kl": 62.551090240478516,
  "decode_layer_output_scale_mean": 0.75,
  "config": {
    "model_name": "unsloth/Meta-Llama-3.1-8B-bnb-4bit",
    "hybrid_checkpoint": "results/hybrid_8b_small_local/hybrid_attention_state.pt",
    "output_dir": "results/sca_recalibration_learned_basis_v1_pilot",
    "layers": "",
    "max_samples": 256,
    "max_seq_length": 128,
    "batch_size": 1,
    "steps": 32,
    "lr": 1e-05,
    "weight_decay": 0.0,
    "grad_clip": 1.0,
    "task_id": 0,
    "include_task_embedding": false,
    "include_spatial_proj": true,
    "include_layer_output_scale": true,
    "loss_mode": "mse_plus_norm",
    "top_k": 3,
    "adaptive_top_k": true,
    "adaptive_top_k_min": 3,
    "adaptive_top_k_max": 12,
    "adaptive_top_k_min_score_ratio": 0.15,
    "block_size": 32,
    "basis_rank": 8,
    "soft_mask": true,
    "sparse_placement": "learned_basis",
    "grouped_row_gemm": false,
    "disable_fast_fallback": true,
    "save_every": 0,
    "verbose": false,
    "recalibration_mode": "local_mlp_geometry",
    "dataset_name": "wikitext",
    "dataset_config": "wikitext-2-raw-v1",
    "dataset_split": "train",
    "text_column": "text",
    "logits_kl_weight": 0.08,
    "logits_warmup_steps": 2,
    "speech_anchor_layers": "",
    "speech_anchor_weight": 1.0,
    "speech_anchor_cosine_weight": 0.1,
    "speech_anchor_final_hidden_weight": 0.25,
    "speech_anchor_delta_norm_weight": 0.05,
    "local_mlp_weight": 0.1,
    "local_mlp_loss_cap": 200.0,
    "local_mlp_log_compress": true,
    "ce_weight": 0.35,
    "layer_output_scale_penalty_weight": 0.05,
    "delta_norm_cap": 0.25,
    "delta_norm_cap_weight": 0.1,
    "staged_training_enabled": true,
    "stage1_steps_ratio": 0.6,
    "stage_split_ratio": 0.67,
    "stage2_lr_scale": 0.5,
    "lower_layer_loss_weight": 1.0,
    "upper_layer_loss_weight": 0.35,
    "upper_layer_scale_cap": 0.75,
    "output_scale_cap_tail_fraction": 0.34,
    "nonfinite_recovery_enabled": true,
    "nonfinite_max_retries_per_step": 2,
    "nonfinite_lr_backoff": 0.5,
    "nonfinite_param_abs_cap": 10.0,
    "skip_nonfinite_dense_kl": true,
    "rollout_refinement_enabled": true,
    "rollout_start_step": 8,
    "rollout_every": 4,
    "rollout_max_new_tokens": 2,
    "rollout_kl_weight": 0.05,
    "strict_runtime_parity": true,
    "strict_runtime_local_window_tokens": 128,
    "strict_runtime_sink_tokens": 8,
    "strict_runtime_page_size_tokens": 32,
    "strict_runtime_top_k_pages": 4,
    "strict_runtime_retrieval_head_groups": "0",
    "strict_runtime_retrieval_start_layer": -1,
    "seed": 42
  },
  "stage_plan": [
    {
      "name": "lower_band",
      "layers": [
        0,
        1,
        2,
        3,
        4,
        5,
        6,
        7,
        8,
        9,
        10,
        11
      ],
      "steps": 19,
      "lr_scale": 1.0
    },
    {
      "name": "full_band",
      "layers": [
        0,
        1,
        2,
        3,
        4,
        5,
        6,
        7,
        8,
        9,
        10,
        11,
        12,
        13,
        14,
        15,
        16,
        17
      ],
      "steps": 13,
      "lr_scale": 0.5
    }
  ],
  "quality_baseline": {
    "distinct1_mean": 0.7229790161678706,
    "max_run_mean": 5.8,
    "rep_frac_mean": 0.29330065359477125,
    "punct_frac_mean": 0.10615067079463365,
    "char_repeat4_frac_mean": 0.0,
    "degenerate_frac": 0.6
  },
  "quality_candidate": {
    "distinct1_mean": 0.6094304388422035,
    "max_run_mean": 8.6,
    "rep_frac_mean": 0.41191176470588237,
    "punct_frac_mean": 0.08821195144724556,
    "char_repeat4_frac_mean": 0.10905502392344497,
    "degenerate_frac": 0.8
  },
  "quality_delta": {
    "distinct1_delta": -0.11354857732566714,
    "max_run_delta": 2.8,
    "rep_frac_delta": 0.11861111111111111,
    "punct_frac_delta": -0.017938719347388096,
    "char_repeat4_frac_delta": 0.10905502392344497,
    "degenerate_frac_delta": 0.20000000000000007
  },
  "quality_gate_passed": false,
  "quality_gate_failure_reason": "candidate quality regressed beyond allowed delta",
  "state_path": "results\\sca_recalibration_learned_basis_v1_pilot\\sca_recalibrated_state.pt"
}